message_id,session_id,user_id,timestamp,sender,message_text,page_url
fec9c956-45a5-4082-b531-f81f6b28f3a6,08b463f8-841d-4e73-b351-c8db182d7773,,2026-05-09T01:44:08.103Z,user,"Hi, I'm interested in applying for the Fall semester. What are the requirements?",/admissions
b2cc102a-6388-41f5-84ae-77e7f5cdb8d8,08b463f8-841d-4e73-b351-c8db182d7773,,2026-05-09T01:45:35.533Z,assistant,"Great question! For Fall admission, you'll need to submit your high school transcripts, SAT/ACT scores, a personal essay, and two letters of recommendation. The deadline is March 15th.",/admissions
5479a177-0b67-4e26-8635-be07d8262c61,08b463f8-841d-4e73-b351-c8db182d7773,,2026-05-09T01:46:41.253Z,user,Do you accept the Common App?,/admissions
5465934f-3a8c-4253-82fb-98754666551b,08b463f8-841d-4e73-b351-c8db182d7773,,2026-05-09T01:48:34.862Z,assistant,"Yes, we accept both the Common Application and our own direct application portal. Both are equally considered.",/admissions
0583defc-383d-4cf5-aae1-aff2508282c4,08b463f8-841d-4e73-b351-c8db182d7773,,2026-05-09T01:49:57.405Z,user,"That's really helpful, thanks! One more thing - is there an application fee?",/admissions
5b6f97ae-771c-4299-963d-7a80aa2c307b,08b463f8-841d-4e73-b351-c8db182d7773,,2026-05-09T01:50:48.133Z,assistant,"The application fee is $50, but we offer fee waivers for students who qualify for free/reduced lunch programs. You can request one through the Common App.",/admissions
80a6756d-de80-4b49-87ae-5ef77e007868,08b463f8-841d-4e73-b351-c8db182d7773,,2026-05-09T01:53:42.150Z,user,"Perfect, you've been super helpful. I'll start my application today!",/admissions
992ccf61-7ff6-45fc-941e-aebd270446bb,08b463f8-841d-4e73-b351-c8db182d7773,,2026-05-09T01:55:46.835Z,assistant,Wonderful! Best of luck with your application. Feel free to reach out if you have any other questions.,/admissions
3ca9483c-e4d0-4453-8d29-6a5113bc0d6b,3f75b69a-247e-408e-8393-160d1294017d,user_67120,2026-05-09T02:01:21.944Z,user,What immunizations are required for enrollment?,/support
cf744d2f-7122-4cde-8c3e-95aa1d38ba21,3f75b69a-247e-408e-8393-160d1294017d,user_67120,2026-05-09T02:03:24.206Z,assistant,"Required immunizations include: MMR (2 doses), Meningococcal (ACWY), Tetanus/Tdap (within 10 years), and COVID-19 vaccination. A TB test is also required.",/support
79619766-b5a3-4ec6-bddd-5a7e1bec4934,3f75b69a-247e-408e-8393-160d1294017d,user_67120,2026-05-09T02:05:31.168Z,user,Where do I upload my immunization records?,/support
25346260-6191-4061-99ff-a601162dde88,3f75b69a-247e-408e-8393-160d1294017d,user_67120,2026-05-09T02:06:15.337Z,assistant,Upload them through the Student Health Portal at health.university.edu. Your doctor can also fax records to 555-0199.,/support
55c1ac7c-4338-419d-b08a-29b57906a4d7,3f75b69a-247e-408e-8393-160d1294017d,user_67120,2026-05-09T02:07:20.310Z,user,What happens if I don't submit them by the deadline?,/support
ab0c1d9e-393c-4083-8cd0-1a80bb9e26fb,3f75b69a-247e-408e-8393-160d1294017d,user_67120,2026-05-09T02:09:47.291Z,assistant,"A health hold will be placed on your account, preventing class registration. The deadline is 30 days before the semester starts.",/support
f92710d6-069f-4923-9202-7440cf282f40,86a38605-0efe-446f-b201-4d945bd06b37,user_50456,2026-05-09T23:34:42.786Z,user,What clubs and organizations does the university have?,/support
e583ca7e-a5f2-4760-9e90-a3b04720a5c4,86a38605-0efe-446f-b201-4d945bd06b37,user_50456,2026-05-09T23:37:26.155Z,assistant,"We have over 150 registered student organizations! Categories include academic honor societies, cultural organizations, sports clubs, performing arts, community service, and special interest groups.",/support
29f06207-129e-43bb-bb6a-a729093b5f5b,86a38605-0efe-446f-b201-4d945bd06b37,user_50456,2026-05-09T23:40:25.283Z,user,Are there any coding or tech clubs?,/support
88e481e0-1e03-480c-9ad6-44a0595fe87e,86a38605-0efe-446f-b201-4d945bd06b37,user_50456,2026-05-09T23:41:07.619Z,assistant,"Yes! We have the Computer Science Club, Hackathon Society, Women in Tech, AI/ML Research Group, and a Game Development Club. All welcome members of any skill level.",/support
3a0d81dc-6a6b-4161-9847-2e6d0ef8b9fe,86a38605-0efe-446f-b201-4d945bd06b37,user_50456,2026-05-09T23:42:36.968Z,user,"Awesome, how do I join?",/support
171b435e-9d27-4382-94c2-c610d74cc881,86a38605-0efe-446f-b201-4d945bd06b37,user_50456,2026-05-09T23:43:59.944Z,assistant,Visit the Student Involvement Fair during Welcome Week (August 25-27) or browse and join clubs through the CampusConnect app.,/support
bf16c89e-3920-4f7d-b92c-9a90d923a2c8,86a38605-0efe-446f-b201-4d945bd06b37,user_50456,2026-05-09T23:44:32.622Z,user,That's great info! Really looking forward to getting involved.,/support
3e18ba52-4b33-435e-bd83-af2cd6a7f069,86a38605-0efe-446f-b201-4d945bd06b37,user_50456,2026-05-09T23:46:30.922Z,assistant,That's wonderful to hear! Getting involved on campus is one of the best parts of the college experience.,/support
5d1f9a2b-4e0a-4b3b-9f05-d77fe0be64d6,d943700c-5297-4b4e-83a7-1b67d86fd867,,2026-05-13T05:30:33.439Z,user,I got a parking ticket on campus but I have a valid permit. How do I appeal?,/support
1fe0ff9d-b30a-4b7c-ac4c-05872251d266,d943700c-5297-4b4e-83a7-1b67d86fd867,,2026-05-13T05:30:49.343Z,assistant,You can appeal parking tickets online through the Parking Services portal within 14 days of the ticket date. Upload a photo of your valid permit as evidence.,/support
3b8668a0-f01d-4ba4-8f4c-60cc980c222f,d943700c-5297-4b4e-83a7-1b67d86fd867,,2026-05-13T05:33:44.270Z,user,Where is the parking services portal? I can't find it.,/support
12aca4e8-aef4-4b60-9ccf-4914e5188e9d,d943700c-5297-4b4e-83a7-1b67d86fd867,,2026-05-13T05:36:39.736Z,assistant,Go to university.edu/parking and click 'Citation Appeal'. You'll need your ticket number and student ID.,/support
1e878bac-4a2b-4ec3-88e0-dddf4cccb127,d943700c-5297-4b4e-83a7-1b67d86fd867,,2026-05-13T05:39:13.309Z,user,Found it. Thanks. This should be easier to find on the main site though.,/support
1d8b7930-7b47-48f6-90f0-32d5dc1e12af,d943700c-5297-4b4e-83a7-1b67d86fd867,,2026-05-13T05:41:31.793Z,assistant,"Agreed, and thank you for the feedback. Good luck with your appeal!",/support
831fe1a3-7e32-4937-af6e-2b3f6b941630,96daaf60-7e93-4e83-bc40-056024d15f1c,user_67089,2026-05-14T00:10:18.196Z,user,Is there a payment plan available? I can't afford to pay the full semester upfront.,/pricing
555604ad-1261-4f82-ad7f-3607234dfdfb,96daaf60-7e93-4e83-bc40-056024d15f1c,user_67089,2026-05-14T00:11:11.712Z,assistant,Yes! We offer a monthly payment plan that splits your semester balance into 4 equal payments with no interest.,/pricing
1e2f24c3-5c6c-4978-80eb-6f8aed7693c6,96daaf60-7e93-4e83-bc40-056024d15f1c,user_67089,2026-05-14T00:14:11.409Z,user,Where do I sign up for it? I can't find it anywhere on the website.,/pricing
97b5f4ca-d944-4999-be38-4b9f488f47d4,96daaf60-7e93-4e83-bc40-056024d15f1c,user_67089,2026-05-14T00:14:29.615Z,assistant,You can enroll through the Student Portal under Bursar > Payment Plans. There is a $35 enrollment fee per semester.,/pricing
6e60fae8-dea8-4c28-8615-58e62001c591,96daaf60-7e93-4e83-bc40-056024d15f1c,user_67089,2026-05-14T00:16:44.361Z,user,Another fee... of course. Is there a fee for the fee too?,/pricing
32f9d159-e371-4e17-bf8d-1dc9c4363395,96daaf60-7e93-4e83-bc40-056024d15f1c,user_67089,2026-05-14T00:19:12.712Z,assistant,I understand your frustration with the additional costs. The enrollment fee is a one-time charge per semester.,/pricing
c8b52668-8537-4532-a9a0-a8cbc884e944,79924af2-70b9-41f2-87d8-5a7ec91879b6,,2026-05-14T01:29:07.391Z,user,I just got my acceptance letter! I'm so excited!,/admissions
d85a8708-fe3b-4b18-98ec-36e86bfc3ba6,79924af2-70b9-41f2-87d8-5a7ec91879b6,,2026-05-14T01:30:06.901Z,assistant,Congratulations!! 🎉 We're thrilled to have you join our community! Your next steps are to submit your enrollment deposit by May 1st.,/admissions
fa0e78c3-dc9a-44d8-84bc-8c9e7dd41b70,79924af2-70b9-41f2-87d8-5a7ec91879b6,,2026-05-14T01:32:55.032Z,user,Already submitted it! When is orientation?,/admissions
ef5b7261-41b3-4615-9c9d-a8513b3935de,79924af2-70b9-41f2-87d8-5a7ec91879b6,,2026-05-14T01:35:17.736Z,assistant,New Student Orientation has multiple sessions from June 15 to August 1. You can register for your preferred date through the New Student portal.,/admissions
05348e55-1d72-4ebd-8f18-ffde6f71a270,79924af2-70b9-41f2-87d8-5a7ec91879b6,,2026-05-14T01:38:09.824Z,user,Can my parents come too?,/admissions
a5e44799-ecac-48f3-9486-8ec1e901682e,79924af2-70b9-41f2-87d8-5a7ec91879b6,,2026-05-14T01:40:20.931Z,assistant,Absolutely! We have a concurrent Family Orientation program. Parents/guardians attend separate sessions while you register for classes and connect with fellow students.,/admissions
d6df91aa-dc74-46e6-acee-01130410cce3,79924af2-70b9-41f2-87d8-5a7ec91879b6,,2026-05-14T01:42:04.158Z,user,This is so well organized. Thank you!,/admissions
507e9701-2bd3-4300-8a37-b15483e96fd6,79924af2-70b9-41f2-87d8-5a7ec91879b6,,2026-05-14T01:44:33.738Z,assistant,We're so happy you're joining us! See you at orientation! 🎓,/admissions
97aa1d35-2af6-4ec5-b44b-63d10c26dede,d1ecc11b-7b16-4de2-80b6-e0fed8ff4914,user_66441,2026-05-15T03:40:59.319Z,user,When is the FAFSA deadline for next year?,/financial-aid
efc94a20-f74a-4421-b36f-de4ff285ccb1,d1ecc11b-7b16-4de2-80b6-e0fed8ff4914,user_66441,2026-05-15T03:43:30.593Z,assistant,"The priority FAFSA deadline is March 1st. Applications submitted after this date will still be considered, but some funds may be limited.",/financial-aid
1a18a6c2-10c5-4fd6-af43-3e348c1ed0a0,d1ecc11b-7b16-4de2-80b6-e0fed8ff4914,user_66441,2026-05-15T03:45:24.592Z,user,Got it. What kind of scholarships do you offer?,/financial-aid
ea1e070e-6dcb-455d-8147-fc196ae1aeee,d1ecc11b-7b16-4de2-80b6-e0fed8ff4914,user_66441,2026-05-15T03:48:05.035Z,assistant,"We offer merit-based scholarships (starting at $2,000/year for 3.5+ GPA), need-based grants, departmental scholarships, and athletic scholarships.",/financial-aid
3d674b9e-1513-4627-85c7-e45c44ecef20,d1ecc11b-7b16-4de2-80b6-e0fed8ff4914,user_66441,2026-05-15T03:49:02.536Z,user,I have a 3.7 GPA. Am I automatically considered or do I need to apply separately?,/financial-aid
330be2b9-16db-47b7-a4a3-204fa7142b1e,d1ecc11b-7b16-4de2-80b6-e0fed8ff4914,user_66441,2026-05-15T03:50:24.669Z,assistant,"Merit scholarships up to $5,000 are automatically awarded based on your admission application. For larger awards, you'll need to submit the scholarship application by April 1st.",/financial-aid
48378e13-a6c0-45d7-8eed-ad2de72b9bae,d1ecc11b-7b16-4de2-80b6-e0fed8ff4914,user_66441,2026-05-15T03:53:20.235Z,user,This is great info. The financial aid office here is way more responsive than other schools I've talked to.,/financial-aid
d158fe7e-af96-4ec4-892c-b6fb77f0c718,d1ecc11b-7b16-4de2-80b6-e0fed8ff4914,user_66441,2026-05-15T03:54:24.840Z,assistant,Thank you for the kind words! We're here to help. Don't hesitate to reach out if you need anything else.,/financial-aid
7fab9596-09de-4eaa-a980-999cdd1ba431,bb5ae8ae-3518-4e8b-a2e3-aed267d4e2b1,user_54435,2026-05-16T01:45:58.735Z,user,quick question - is there a payment plan available? I can't afford to pay the full semester upfront.,/pricing
f3a4a318-16bb-41db-b493-1024270529d9,bb5ae8ae-3518-4e8b-a2e3-aed267d4e2b1,user_54435,2026-05-16T01:47:07.259Z,assistant,Yes! We offer a monthly payment plan that splits your semester balance into 4 equal payments with no interest.,/pricing
d812ea2f-a0f0-4927-bf3d-94e9d6df5d8b,bb5ae8ae-3518-4e8b-a2e3-aed267d4e2b1,user_54435,2026-05-16T01:47:52.298Z,user,Where do I sign up for it? I can't find it anywhere on the website.,/pricing
ecd19a5b-716c-4c01-9dea-dfd916cf77b3,bb5ae8ae-3518-4e8b-a2e3-aed267d4e2b1,user_54435,2026-05-16T01:50:51.944Z,assistant,You can enroll through the Student Portal under Bursar > Payment Plans. There is a $35 enrollment fee per semester.,/pricing
87e9c8a5-628b-4baa-a480-efd80dcc1c86,bb5ae8ae-3518-4e8b-a2e3-aed267d4e2b1,user_54435,2026-05-16T01:53:31.804Z,user,Another fee... of course. Is there a fee for the fee too?,/pricing
99a1e52e-675f-4bac-84ee-459ae22032d5,bb5ae8ae-3518-4e8b-a2e3-aed267d4e2b1,user_54435,2026-05-16T01:53:58.453Z,assistant,I understand your frustration with the additional costs. The enrollment fee is a one-time charge per semester.,/pricing
c60ab852-9753-4969-a337-c6fba15ab387,9b7f83b0-f355-4e70-b48a-8a52ba7fbc8a,,2026-05-18T23:35:44.061Z,user,What's the difference between subsidized and unsubsidized loans?,/financial-aid
64b05cf5-d954-42e8-b25f-4b26fd3fd510,9b7f83b0-f355-4e70-b48a-8a52ba7fbc8a,,2026-05-18T23:37:45.171Z,assistant,Subsidized loans don't accrue interest while you're in school at least half-time. Unsubsidized loans begin accruing interest from the disbursement date.,/financial-aid
826497f2-759c-41ec-8c41-0e0b1dab465e,9b7f83b0-f355-4e70-b48a-8a52ba7fbc8a,,2026-05-18T23:38:27.537Z,user,Which one should I take?,/financial-aid
78310048-1643-40d9-8fac-42c6b5b17d09,9b7f83b0-f355-4e70-b48a-8a52ba7fbc8a,,2026-05-18T23:40:41.243Z,assistant,Always accept subsidized loans first since they cost less over time. Then use unsubsidized loans only if needed. We recommend borrowing only what you truly need.,/financial-aid
f52ac360-a61e-4133-ae85-6fc8c235abae,9b7f83b0-f355-4e70-b48a-8a52ba7fbc8a,,2026-05-18T23:41:44.622Z,user,Makes sense. How do I accept them in the portal?,/financial-aid
757230aa-dac1-4421-b903-4ac7d84a5845,9b7f83b0-f355-4e70-b48a-8a52ba7fbc8a,,2026-05-18T23:44:20.555Z,assistant,"Log into the Financial Aid portal, go to 'Awards', and click 'Accept' or 'Decline' next to each loan. You'll also need to complete entrance counseling at studentaid.gov.",/financial-aid
dde91423-7184-4c43-adaf-dfa427b0fc27,285a0026-4ebd-4e43-bc4f-be3bce5bb101,user_49707,2026-05-19T04:52:29.952Z,user,"hi there, when is the FAFSA deadline for next year?",/financial-aid
70709cd0-f12f-432b-b32a-4545904636fa,285a0026-4ebd-4e43-bc4f-be3bce5bb101,user_49707,2026-05-19T04:54:04.506Z,assistant,"The priority FAFSA deadline is March 1st. Applications submitted after this date will still be considered, but some funds may be limited.",/financial-aid
5d91645e-8664-45c9-97cc-585185020fae,285a0026-4ebd-4e43-bc4f-be3bce5bb101,user_49707,2026-05-19T04:55:06.721Z,user,Got it. What kind of scholarships do you offer?,/financial-aid
1198ffee-ec18-4142-bd27-569c26071bc8,285a0026-4ebd-4e43-bc4f-be3bce5bb101,user_49707,2026-05-19T04:56:18.437Z,assistant,"We offer merit-based scholarships (starting at $2,000/year for 3.5+ GPA), need-based grants, departmental scholarships, and athletic scholarships.",/financial-aid
6e3ab325-6e20-4114-9521-09a216317494,285a0026-4ebd-4e43-bc4f-be3bce5bb101,user_49707,2026-05-19T04:57:39.993Z,user,I have a 3.7 GPA. Am I automatically considered or do I need to apply separately?,/financial-aid
b1408bac-5c0c-4471-8a0c-3ad9eac08356,285a0026-4ebd-4e43-bc4f-be3bce5bb101,user_49707,2026-05-19T04:58:05.308Z,assistant,"Merit scholarships up to $5,000 are automatically awarded based on your admission application. For larger awards, you'll need to submit the scholarship application by April 1st.",/financial-aid
126abdaa-ebb7-4827-a2f7-334c7e08ef01,285a0026-4ebd-4e43-bc4f-be3bce5bb101,user_49707,2026-05-19T04:58:48.818Z,user,This is great info. The financial aid office here is way more responsive than other schools I've talked to.,/financial-aid
67be974f-6521-4325-b168-732295335d24,285a0026-4ebd-4e43-bc4f-be3bce5bb101,user_49707,2026-05-19T05:00:24.805Z,assistant,Thank you for the kind words! We're here to help. Don't hesitate to reach out if you need anything else.,/financial-aid
725ab500-44a2-4fcd-82f1-f87f9f44b05f,7d845414-8646-4487-a3c1-d1b04322cf18,user_35774,2026-05-25T07:35:38.827Z,user,What are the different dorm options for freshmen?,/housing
9e997aa0-4a71-4eb1-a489-2df57c053ed4,7d845414-8646-4487-a3c1-d1b04322cf18,user_35774,2026-05-25T07:37:57.168Z,assistant,"Freshmen can choose from: Traditional halls (shared rooms, communal bathrooms - $4,200/semester), Suite-style (shared room, private bathroom - $5,100/semester), or Apartment-style (single room, shared kitchen - $5,800/semester).",/housing
32e54987-5080-410f-a7cc-9bf78baa85ab,7d845414-8646-4487-a3c1-d1b04322cf18,user_35774,2026-05-25T07:38:23.214Z,user,Can I request a specific roommate?,/housing
32dcc283-de90-45d0-b91c-281c276231db,7d845414-8646-4487-a3c1-d1b04322cf18,user_35774,2026-05-25T07:41:11.387Z,assistant,Yes! Both you and your preferred roommate need to list each other in the housing application. The system will match you automatically.,/housing
048c56ae-1775-4a5a-a568-94010086d162,7d845414-8646-4487-a3c1-d1b04322cf18,user_35774,2026-05-25T07:41:37.913Z,user,That's awesome. Do all rooms come with WiFi?,/housing
4e35705d-f3a7-414d-810c-958b4cf76766,7d845414-8646-4487-a3c1-d1b04322cf18,user_35774,2026-05-25T07:42:50.838Z,assistant,"Yes, all residential halls have high-speed WiFi included at no additional cost. Each room also has ethernet ports for wired connections.",/housing
8e45ae12-aa41-4f72-8ce5-0493dd33d7ab,7d845414-8646-4487-a3c1-d1b04322cf18,user_35774,2026-05-25T07:44:18.433Z,user,"Great, this is very clear. Thanks!",/housing
aa4362c0-dfc0-49f7-a168-8cc607172fe9,7d845414-8646-4487-a3c1-d1b04322cf18,user_35774,2026-05-25T07:45:41.385Z,assistant,You're welcome! Let me know if you have any other housing questions.,/housing
9d265463-a1d1-47bd-a61a-2143e1164c6a,6ce5d48c-6b90-4adb-b93a-78bf31bb657c,user_97205,2026-05-27T05:06:21.767Z,user,I applied 6 weeks ago and still haven't heard anything. This is ridiculous.,/admissions
2edd7a6b-37a9-446a-88db-8eb739c049b6,6ce5d48c-6b90-4adb-b93a-78bf31bb657c,user_97205,2026-05-27T05:06:59.142Z,assistant,I understand your frustration. Typical processing time is 4-6 weeks. Let me look into your application status. Could you share your application ID?,/admissions
cfee6c5b-20a7-4f5a-98db-81f79b613eda,6ce5d48c-6b90-4adb-b93a-78bf31bb657c,user_97205,2026-05-27T05:09:04.919Z,user,It's APP-29381. I've been checking the portal every day and it still says 'Under Review'.,/admissions
03b0ab78-b690-4cf9-bb5f-5f128cea4f90,6ce5d48c-6b90-4adb-b93a-78bf31bb657c,user_97205,2026-05-27T05:09:43.088Z,assistant,I see your application. It appears we're still waiting for your official SAT scores to arrive from College Board.,/admissions
00f3cd01-4e94-46c9-8f17-55010a0c0b85,6ce5d48c-6b90-4adb-b93a-78bf31bb657c,user_97205,2026-05-27T05:10:15.622Z,user,I sent those weeks ago! This is really frustrating. I've been accepted to two other schools already.,/admissions
b52e7748-121a-4468-b441-72d696c846e5,6ce5d48c-6b90-4adb-b93a-78bf31bb657c,user_97205,2026-05-27T05:10:46.385Z,assistant,I completely understand. Sometimes electronic scores take 3-5 business days. I'll flag your application for priority review once the scores arrive.,/admissions
ea972a0c-8534-491b-8427-85823877d3e5,6ce5d48c-6b90-4adb-b93a-78bf31bb657c,user_97205,2026-05-27T05:11:16.895Z,user,Fine. But if I don't hear back by next week I'm withdrawing my application.,/admissions
68ce5a6c-db64-4af1-955f-83b9d5205be3,6ce5d48c-6b90-4adb-b93a-78bf31bb657c,user_97205,2026-05-27T05:11:44.052Z,assistant,I've escalated this to our admissions team. You should receive an update within 3 business days.,/admissions
46912a32-51e5-4710-8662-bb81540444e1,38336901-0408-49bc-83af-a468f547edf8,user_97891,2026-05-28T14:59:25.320Z,user,The course catalog page keeps crashing on my phone,/support
c33e1615-bf76-418a-8ced-dd3b787ec7ea,38336901-0408-49bc-83af-a468f547edf8,user_97891,2026-05-28T15:02:05.419Z,assistant,I'm sorry about that. Our mobile site is being updated. Could you try using a desktop browser or clearing your mobile browser cache?,/support
9b24dbe6-a415-4344-9357-de3c2c1117fa,38336901-0408-49bc-83af-a468f547edf8,user_97891,2026-05-28T15:02:36.652Z,user,I shouldn't have to use a desktop to browse a website in 2026. This is terrible UX.,/support
4c010d69-5de1-4230-9f7a-e19fbe42fc9d,38336901-0408-49bc-83af-a468f547edf8,user_97891,2026-05-28T15:05:27.064Z,assistant,"You're absolutely right, and I apologize for the inconvenience. Our web team is working on the mobile responsiveness. Can I help you find what you were looking for in the catalog?",/support
ba5456c2-2e41-4e84-88d3-62772268faa4,38336901-0408-49bc-83af-a468f547edf8,user_97891,2026-05-28T15:05:51.956Z,user,I was trying to look up the class schedule for next semester.,/support
68cedd05-10ef-4201-a32b-672a9cb81ea7,38336901-0408-49bc-83af-a468f547edf8,user_97891,2026-05-28T15:06:56.596Z,assistant,The Spring class schedule is available at university.edu/schedule. Here's a direct link that should work better on mobile.,/support
d1cfb92d-23e6-4e1b-a556-8aac8756d1eb,be32cbad-e78c-4f46-a469-524f3c68525e,,2026-06-02T15:59:53.997Z,user,I need help. what's the difference between in-state and out-of-state tuition?,/tuition
4ab204e8-a380-4b7a-9965-56ca46ab7cc3,be32cbad-e78c-4f46-a469-524f3c68525e,,2026-06-02T16:01:57.678Z,assistant,"In-state tuition is $12,500 per year, while out-of-state is $24,000. You may qualify for in-state rates after living in the state for 12 months.",/tuition
32af5d33-ae04-4fa0-a705-c9a80ec2cd4a,be32cbad-e78c-4f46-a469-524f3c68525e,,2026-06-02T16:03:20.537Z,user,that's a huge difference. is there any way to get in-state sooner?,/tuition
96a5e0bf-8db9-4542-b88d-908199f72886,be32cbad-e78c-4f46-a469-524f3c68525e,,2026-06-02T16:05:16.230Z,assistant,Students who work at least 20 hours per week in-state can apply for early residency reclassification after 6 months.,/tuition
84bf1f5e-9472-4e5f-ba42-24f72933e704,be32cbad-e78c-4f46-a469-524f3c68525e,,2026-06-02T16:07:02.105Z,user,"ok thats useful info at least, thanks",/tuition
5dd95e14-1da9-4033-ab26-008a42092baf,be32cbad-e78c-4f46-a469-524f3c68525e,,2026-06-02T16:07:36.173Z,assistant,You're welcome! Visit the Registrar's office for residency reclassification forms.,/tuition
8952d919-ff0f-47e7-b7d3-6d5bbc8db39e,2ba0bd36-70e9-4668-b61f-c5549693a74a,user_86239,2026-06-05T17:51:24.471Z,user,Can you help me figure out which electives to take for the Business Administration major?,/courses
adc345cf-948a-4f0b-b62d-121f953a621f,2ba0bd36-70e9-4668-b61f-c5549693a74a,user_86239,2026-06-05T17:53:21.214Z,assistant,"Of course! Popular electives include Digital Marketing (BUS 340), Entrepreneurship (BUS 360), Data Analytics for Business (BUS 375), and Negotiation Strategies (BUS 310).",/courses
03a6f281-5f80-46dd-8735-cb8f3b7f16a1,2ba0bd36-70e9-4668-b61f-c5549693a74a,user_86239,2026-06-05T17:55:30.518Z,user,Which ones are good for someone interested in starting their own business?,/courses
0f50ed29-d4ab-4da2-bfec-e84f809909c0,2ba0bd36-70e9-4668-b61f-c5549693a74a,user_86239,2026-06-05T17:55:49.514Z,assistant,I'd recommend Entrepreneurship (BUS 360) and Small Business Finance (BUS 355). Both include real-world project components where you develop a business plan.,/courses
b25e43c0-8161-4ce1-ad69-b5cc7b14a97a,2ba0bd36-70e9-4668-b61f-c5549693a74a,user_86239,2026-06-05T17:56:14.819Z,user,Those sound perfect! Are they offered next semester?,/courses
9bc09586-fa02-4463-966a-42d36600121d,2ba0bd36-70e9-4668-b61f-c5549693a74a,user_86239,2026-06-05T17:58:56.732Z,assistant,"BUS 360 is offered every semester, and BUS 355 is offered in Spring. Both still have open seats.",/courses
efc3503a-3f81-4a18-822f-ba9bc0312d5b,2ba0bd36-70e9-4668-b61f-c5549693a74a,user_86239,2026-06-05T18:00:12.962Z,user,"Great recommendations, thanks so much!",/courses
bfcd829b-a5b4-446a-949d-7037f1db1e59,2ba0bd36-70e9-4668-b61f-c5549693a74a,user_86239,2026-06-05T18:02:10.129Z,assistant,Happy to help! Good luck with your studies.,/courses
70a6b80a-8d2a-4d6e-b229-56927f5afda6,2c541e95-841a-4b81-99fb-b8a631013cfb,user_55679,2026-06-06T10:10:11.971Z,user,why did tuition go up 8% this year? that's way above inflation,/tuition
1ff8e61d-b334-4214-a4fa-045b34b2f86e,2c541e95-841a-4b81-99fb-b8a631013cfb,user_55679,2026-06-06T10:10:34.913Z,assistant,"The tuition increase reflects investments in new campus facilities, faculty hiring, and technology infrastructure upgrades. The Board of Trustees approved the increase in April.",/tuition
e08ecca4-8d9b-4035-9c64-5ff7137c976e,2c541e95-841a-4b81-99fb-b8a631013cfb,user_55679,2026-06-06T10:11:57.308Z,user,that doesnt help students who are already struggling to pay. was there any student input?,/tuition
6f39a5a1-db18-4433-829b-1903ce0212a1,2c541e95-841a-4b81-99fb-b8a631013cfb,user_55679,2026-06-06T10:13:16.625Z,assistant,The Student Government Association was consulted during the budget process. A student town hall was held in March.,/tuition
0d9e6e9c-6a24-4389-9ce1-b41f9452ec64,2c541e95-841a-4b81-99fb-b8a631013cfb,user_55679,2026-06-06T10:14:16.991Z,user,nobody knew about that town hall. the communication at this school is terrible,/tuition
40353aa1-9bf4-4986-8425-083451aa9a32,2c541e95-841a-4b81-99fb-b8a631013cfb,user_55679,2026-06-06T10:16:08.381Z,assistant,I understand your frustration. I'll share your feedback about improving communication around tuition decisions. You can also attend SGA meetings which are open to all students.,/tuition
3b9df210-3d59-487a-b46c-6b52d9b20450,f3dd5ee9-61e6-4e4f-bc1c-2ead3f2a3c94,user_95980,2026-06-06T15:55:07.818Z,user,How do I apply for graduation?,/support
100624f6-ec43-4bbf-9639-22becec07032,f3dd5ee9-61e6-4e4f-bc1c-2ead3f2a3c94,user_95980,2026-06-06T15:57:44.503Z,assistant,You can apply for graduation through the Student Portal under 'Academics > Apply for Graduation'. The deadline for Spring graduation is February 1st.,/support
798d921c-f8c9-4eff-9b7b-0fcb0b2061aa,f3dd5ee9-61e6-4e4f-bc1c-2ead3f2a3c94,user_95980,2026-06-06T15:58:04.582Z,user,Is there a fee?,/support
1a39cfb2-9356-4842-aff1-258534e748b0,f3dd5ee9-61e6-4e4f-bc1c-2ead3f2a3c94,user_95980,2026-06-06T16:00:24.980Z,assistant,"The graduation fee is $75, which covers your diploma, ceremony participation, and cap and gown rental.",/support
bde885a2-484b-403b-98dd-55938968264b,f3dd5ee9-61e6-4e4f-bc1c-2ead3f2a3c94,user_95980,2026-06-06T16:02:25.023Z,user,"That includes the cap and gown? Nice, my friend at another school had to buy theirs for $60.",/support
42988311-8d8a-41ea-a35e-4a39042f8fef,f3dd5ee9-61e6-4e4f-bc1c-2ead3f2a3c94,user_95980,2026-06-06T16:04:18.464Z,assistant,"Yes, it's all included! You'll receive your cap and gown at the graduation rehearsal.",/support
0e741b80-6593-45a9-92b3-9b7cf0e05cde,fc752c04-9aee-4503-86fd-d7d303250562,user_88654,2026-06-06T18:43:20.194Z,user,Does the career center help with resume reviews?,/career-services
3c48f47c-f044-4b5d-9b07-c62b8c17ecd8,fc752c04-9aee-4503-86fd-d7d303250562,user_88654,2026-06-06T18:46:03.615Z,assistant,"Yes! We offer drop-in resume reviews every Tuesday and Thursday from 1-4pm, or you can schedule a one-on-one appointment with a career counselor.",/career-services
6f9e7061-610c-4ab3-94f0-d4c84b627484,fc752c04-9aee-4503-86fd-d7d303250562,user_88654,2026-06-06T18:47:26.457Z,user,I'm graduating in December and starting my job search. Any resources for that?,/career-services
b379a00d-d8f9-469f-a33a-131f2e1f9eec,fc752c04-9aee-4503-86fd-d7d303250562,user_88654,2026-06-06T18:49:27.462Z,assistant,"We have several resources: our job board (Handshake), career fairs each semester, mock interview sessions, LinkedIn profile reviews, and alumni networking events.",/career-services
8d1e5cb7-f7b4-49f5-998e-f5ed2c4fca2b,fc752c04-9aee-4503-86fd-d7d303250562,user_88654,2026-06-06T18:50:40.596Z,user,When is the next career fair?,/career-services
1957a4b2-0749-4c98-8f3e-9e1469e03460,fc752c04-9aee-4503-86fd-d7d303250562,user_88654,2026-06-06T18:51:00.417Z,assistant,The Fall Career Fair is September 28th in the Student Center. Over 120 employers are registered. Pre-register on Handshake to get your resume in front of recruiters beforehand.,/career-services
7ac0f1bd-176f-4ba8-9f0a-64c22f54f442,fc752c04-9aee-4503-86fd-d7d303250562,user_88654,2026-06-06T18:52:21.659Z,user,"That's amazing, I had no idea there were so many resources. Thank you!",/career-services
4f52ef54-7aa7-41cb-800c-1f8ea67f2f72,fc752c04-9aee-4503-86fd-d7d303250562,user_88654,2026-06-06T18:55:17.215Z,assistant,We're here to help you succeed! Good luck with your job search.,/career-services
21144745-c567-47d8-a643-568417da2894,9a7cfb8d-e60f-4a3e-986c-6f25b8908fbc,,2026-06-07T03:36:40.541Z,user,My I-20 hasn't arrived and my visa interview is next week. I'm panicking.,/international
840fb88e-69f2-4221-8bc7-470b0ed2cb5d,9a7cfb8d-e60f-4a3e-986c-6f25b8908fbc,,2026-06-07T03:38:25.414Z,assistant,I understand your concern. Let me check the status. Have you submitted all required financial documents?,/international
689c3cd7-7b70-45bf-8a97-b54b2ce8a71f,9a7cfb8d-e60f-4a3e-986c-6f25b8908fbc,,2026-06-07T03:40:34.417Z,user,Yes everything was submitted a month ago. This delay is unacceptable.,/international
01af2fcd-9b16-492b-833e-c0bd1e8dc839,9a7cfb8d-e60f-4a3e-986c-6f25b8908fbc,,2026-06-07T03:41:26.105Z,assistant,I see your documents were received. The I-20 processing has been delayed. I can request an expedited electronic I-20 sent via email.,/international
f2a8f443-d0fb-4e81-acce-1a0f52f97722,9a7cfb8d-e60f-4a3e-986c-6f25b8908fbc,,2026-06-07T03:43:15.420Z,user,Why wasn't this done automatically? Other universities sent me their I-20 in a week.,/international
fa59a1cb-a7eb-4282-9920-37767a9f7760,9a7cfb8d-e60f-4a3e-986c-6f25b8908fbc,,2026-06-07T03:43:56.759Z,assistant,I sincerely apologize for the delay. I'm requesting the expedited I-20 now. You should receive it within 24-48 hours.,/international
805b83bb-4499-4531-8fa0-eccbb0886e07,56e5f223-9598-4f13-84bd-4d80c194466e,,2026-06-07T14:11:40.055Z,user,Can I bring my car to campus as a freshman?,/housing
9e2c6910-3ef9-4dc6-8622-3de3a045fa25,56e5f223-9598-4f13-84bd-4d80c194466e,,2026-06-07T14:13:20.707Z,assistant,"Freshmen can purchase a parking permit for $450/semester. However, availability is limited and permits are assigned by lottery.",/housing
674c4346-fc30-4e05-b216-f6291ae705c0,56e5f223-9598-4f13-84bd-4d80c194466e,,2026-06-07T14:15:44.515Z,user,$450 per semester?! That's insane. Is there free parking anywhere?,/housing
93c551e4-a14c-4ea4-80ec-a9162a24d7dd,56e5f223-9598-4f13-84bd-4d80c194466e,,2026-06-07T14:18:04.613Z,assistant,There is a free park-and-ride lot about 1 mile from campus with a shuttle that runs every 15 minutes during the academic year.,/housing
cdb3699f-8816-4bd1-9208-4a0464d29b46,56e5f223-9598-4f13-84bd-4d80c194466e,,2026-06-07T14:19:57.097Z,user,The shuttle is better than nothing I guess. What are the hours?,/housing
799cb260-32f6-451f-a0c3-a26a3ab81346,56e5f223-9598-4f13-84bd-4d80c194466e,,2026-06-07T14:20:50.379Z,assistant,The shuttle runs Monday-Friday 7am-10pm and Saturday 9am-6pm. It does not run on Sundays or university holidays.,/housing
2bbe314a-c703-426c-b5d7-5c350cddc8dc,45aa10f0-fadf-4b87-a386-6f747ca3ce08,user_75556,2026-06-08T11:51:52.136Z,user,What are the prerequisites for Organic Chemistry?,/courses
ceba4c7d-d6ff-425e-b72d-cf6a3ff83af4,45aa10f0-fadf-4b87-a386-6f747ca3ce08,user_75556,2026-06-08T11:53:06.833Z,assistant,CHEM 301 (Organic Chemistry I) requires completion of CHEM 101 and CHEM 102 with a grade of C or better.,/courses
0f16aabd-cb14-4519-a095-deb0ce285dfd,45aa10f0-fadf-4b87-a386-6f747ca3ce08,user_75556,2026-06-08T11:56:04.684Z,user,I got a C- in CHEM 102. Can I still take it?,/courses
59119d52-74bd-4624-9bbf-781a2b9096a2,45aa10f0-fadf-4b87-a386-6f747ca3ce08,user_75556,2026-06-08T11:58:18.291Z,assistant,"Unfortunately, a C- does not meet the prerequisite requirement. You would need to retake CHEM 102 and earn a C or better.",/courses
276f0154-b6a7-4f67-a9de-52c3706b5de7,45aa10f0-fadf-4b87-a386-6f747ca3ce08,user_75556,2026-06-08T12:00:20.302Z,user,OK understood. When is CHEM 102 offered again?,/courses
927177e7-9011-4c29-b73d-0a148765f488,45aa10f0-fadf-4b87-a386-6f747ca3ce08,user_75556,2026-06-08T12:02:22.111Z,assistant,"CHEM 102 is offered every Fall and Spring semester, with limited Summer sessions.",/courses
37f46110-8cb6-4fe4-8a36-5a0d936eb6a7,6ac1c45f-87b3-430d-bb76-111fbd88188a,user_81896,2026-06-08T16:53:19.865Z,user,Do you require SAT/ACT scores?,/admissions
636440ea-19f7-49e6-a46b-ce2d250d8974,6ac1c45f-87b3-430d-bb76-111fbd88188a,user_81896,2026-06-08T16:56:08.403Z,assistant,"We are test-optional for the 2026-2027 admissions cycle. You may submit scores if you feel they strengthen your application, but they are not required.",/admissions
f7c5b15d-0d69-4257-b899-9ba3bef6f8fe,6ac1c45f-87b3-430d-bb76-111fbd88188a,user_81896,2026-06-08T16:58:48.847Z,user,"If I submit them, will low scores hurt me?",/admissions
ed82f757-fdfc-4a7e-b688-10339a6c1585,6ac1c45f-87b3-430d-bb76-111fbd88188a,user_81896,2026-06-08T16:59:59.432Z,assistant,"If you submit scores, they will be considered as one factor among many. If you feel your scores don't reflect your abilities, you may choose not to submit them.",/admissions
a40f370e-774d-4221-9da6-54b0667a8958,b8b9c395-ae72-48a2-9f87-de2d4734e9bf,,2026-06-08T23:14:17.604Z,user,I can't log into the student portal. It keeps saying invalid credentials.,/student-portal
ec31dba3-ce87-4b51-bc55-c09c232ba999,b8b9c395-ae72-48a2-9f87-de2d4734e9bf,,2026-06-08T23:14:37.865Z,assistant,I'm sorry to hear that. Have you tried resetting your password through the 'Forgot Password' link?,/student-portal
3c4f60fd-0820-4683-878b-c3d5fb2c064b,b8b9c395-ae72-48a2-9f87-de2d4734e9bf,,2026-06-08T23:17:12.323Z,user,Yes I did that and the reset email never came. I've been waiting 30 minutes.,/student-portal
b16e5466-a844-4011-b52a-742126007181,b8b9c395-ae72-48a2-9f87-de2d4734e9bf,,2026-06-08T23:19:08.567Z,assistant,"Please check your spam/junk folder. If it's not there, the email system may be experiencing delays. You can also try the secondary reset option using your student ID and date of birth.",/student-portal
426f1a56-d318-4cc3-9627-6fbdb9d520c7,b8b9c395-ae72-48a2-9f87-de2d4734e9bf,,2026-06-08T23:20:36.777Z,user,There's no secondary reset option on the page. Are you making things up?,/student-portal
46d5594d-c26c-40aa-a6aa-a0c3e8aba482,b8b9c395-ae72-48a2-9f87-de2d4734e9bf,,2026-06-08T23:22:27.096Z,assistant,"I apologize for the incorrect information. For immediate assistance with login issues, please contact the IT Help Desk at helpdesk@university.edu or call 555-0188.",/student-portal
0da8e064-2dd5-478c-ac41-677cbcc4a4a0,b8b9c395-ae72-48a2-9f87-de2d4734e9bf,,2026-06-08T23:23:47.941Z,user,I need access TODAY to register for classes. This is unacceptable.,/student-portal
430e11c6-98f2-4e72-9fee-86bf2b9238ad,b8b9c395-ae72-48a2-9f87-de2d4734e9bf,,2026-06-08T23:26:25.874Z,assistant,"I understand the urgency. The IT Help Desk has walk-in hours Monday-Friday 8am-5pm in the Library Building, Room 102. They can reset your credentials on the spot.",/student-portal
04a30bc1-d88c-4f4b-88a3-6994a5785bce,6c97cc43-a363-4919-9286-6e014bd80c62,,2026-06-10T20:08:31.878Z,user,What's the acceptance rate this year?,/admissions
6527cfda-80f8-43b5-b225-ecbb579a3ba3,6c97cc43-a363-4919-9286-6e014bd80c62,,2026-06-10T20:09:58.961Z,assistant,"Our current acceptance rate is approximately 62%. We use a holistic admissions process that considers academics, extracurriculars, and personal qualities.",/admissions
d5dfe554-8ccd-4513-9ac9-c49d065e945f,6c97cc43-a363-4919-9286-6e014bd80c62,,2026-06-10T20:10:43.440Z,user,"Nice, that's encouraging. What GPA do most accepted students have?",/admissions
67213dc5-0034-49e6-bc1f-3d9308872eec,6c97cc43-a363-4919-9286-6e014bd80c62,,2026-06-10T20:12:59.138Z,assistant,"The middle 50% of our admitted students have a GPA between 3.4 and 3.9. However, we consider the full application context.",/admissions
8431f3ee-9d2b-44f2-b1fe-ccf46227dc13,6c97cc43-a363-4919-9286-6e014bd80c62,,2026-06-10T20:15:25.028Z,user,"Awesome, thank you for the info!",/admissions
35c53814-f73a-4c8a-8a6e-97d6f4b0c3d5,6c97cc43-a363-4919-9286-6e014bd80c62,,2026-06-10T20:18:05.318Z,assistant,You're welcome! Good luck!,/admissions
20dff158-767f-4aa5-9b07-4a665d5315fb,d87f9a63-c22b-47d0-87f6-f21990ac9f64,,2026-06-11T12:44:04.107Z,user,How do I set up my student email?,/student-portal
c9f22347-811d-4d31-9fc7-0161655cdcfb,d87f9a63-c22b-47d0-87f6-f21990ac9f64,,2026-06-11T12:44:20.302Z,assistant,Your student email is automatically created after enrollment. Your email address is firstname.lastname@student.university.edu. Log in at mail.university.edu with your student ID.,/student-portal
3ee7a6ae-b3f3-4671-9c97-c8f7e7f36f26,d87f9a63-c22b-47d0-87f6-f21990ac9f64,,2026-06-11T12:45:15.015Z,user,What's the default password?,/student-portal
7c8cc431-4c6a-40b4-8945-945e6d05de4e,d87f9a63-c22b-47d0-87f6-f21990ac9f64,,2026-06-11T12:48:12.458Z,assistant,Your default password is your date of birth in MMDDYYYY format. You'll be prompted to change it on first login.,/student-portal
cf572b45-9ee2-48bb-a98b-845d6fdcf401,d87f9a63-c22b-47d0-87f6-f21990ac9f64,,2026-06-11T12:48:30.165Z,user,"That worked, thanks! But the email interface looks really outdated compared to Gmail.",/student-portal
91c43c22-9b92-4e83-9573-4ab94c3d713a,d87f9a63-c22b-47d0-87f6-f21990ac9f64,,2026-06-11T12:49:59.547Z,assistant,"We're actually transitioning to Google Workspace for Education next semester, which will give you a full Gmail experience with your university email.",/student-portal
43f06a83-8b86-4340-92a2-86ae3909abf5,5a1ca852-00c3-4290-8904-e7ccc4b34510,,2026-06-14T02:57:18.466Z,user,Where is the financial aid office located? The website says Miller Hall but there's no building called that on the campus map.,/contact
1a0d2df3-7db7-420d-8cc8-0f195addd83e,5a1ca852-00c3-4290-8904-e7ccc4b34510,,2026-06-14T02:58:30.584Z,assistant,I apologize for the outdated information. Miller Hall was renamed to Student Services Building last year. It's located at the intersection of University Ave and 3rd Street.,/contact
c7a6562d-aa87-4d4d-9da3-27baadc4d253,5a1ca852-00c3-4290-8904-e7ccc4b34510,,2026-06-14T02:59:50.533Z,user,That's confusing. The whole website has outdated building names.,/contact
b5ed596a-1dc8-483e-bfbd-7fad435f141f,5a1ca852-00c3-4290-8904-e7ccc4b34510,,2026-06-14T03:00:38.015Z,assistant,"You're right, and we appreciate the feedback. The web team is currently updating all campus location references.",/contact
ce22a2ab-5d95-4ac9-b198-9c9d7a60d7cf,5a1ca852-00c3-4290-8904-e7ccc4b34510,,2026-06-14T03:00:57.980Z,user,Well at least you're aware of it. Thanks for the directions.,/contact
4588187f-fabb-4df3-bef2-70682122213a,5a1ca852-00c3-4290-8904-e7ccc4b34510,,2026-06-14T03:01:32.293Z,assistant,"Thank you for your patience! The office is open Monday-Friday, 8:30am-4:30pm.",/contact
a285aa0f-e530-4119-861b-f476025e2e41,69431019-3795-489d-8efc-23360e8b5deb,user_81838,2026-06-18T00:02:55.553Z,user,I'm an international student from India. What documents do I need for the F-1 visa?,/international
5791eb66-6a98-4b51-beae-70130efe6517,69431019-3795-489d-8efc-23360e8b5deb,user_81838,2026-06-18T00:04:45.863Z,assistant,"You'll need: your I-20 form (issued after admission), valid passport, DS-160 confirmation, financial documentation showing ability to cover costs, and SEVIS fee receipt.",/international
360699bb-5697-400a-ade8-ae5273c50826,69431019-3795-489d-8efc-23360e8b5deb,user_81838,2026-06-18T00:05:21.049Z,user,When will I receive the I-20?,/international
45fac8f8-b112-4ce0-a166-13ad670a2b68,69431019-3795-489d-8efc-23360e8b5deb,user_81838,2026-06-18T00:07:20.282Z,assistant,The I-20 is typically mailed within 2-3 weeks after you submit your enrollment deposit and financial documentation.,/international
ccf4ec9c-c13f-46a3-ac72-b1f695f463e2,69431019-3795-489d-8efc-23360e8b5deb,user_81838,2026-06-18T00:08:07.991Z,user,Can you also help with housing for international students?,/international
7db717c1-3f8d-4e33-83a7-280c58dfad89,69431019-3795-489d-8efc-23360e8b5deb,user_81838,2026-06-18T00:11:03.686Z,assistant,Yes! We have an International Student Housing program with early move-in dates and orientation. The International Student Services office also helps with airport pickup.,/international
69562022-e93c-47d5-a473-9973180eae87,69431019-3795-489d-8efc-23360e8b5deb,user_81838,2026-06-18T00:13:40.109Z,user,That's wonderful. You've been very helpful with all the visa info. Thank you!,/international
42c6c6ad-a663-4d6a-a0c3-64403f205916,69431019-3795-489d-8efc-23360e8b5deb,user_81838,2026-06-18T00:15:30.340Z,assistant,My pleasure! Welcome to our university community. Feel free to reach out anytime.,/international
357dec55-4e45-4690-a37b-5993cd71ec4d,2113ff05-deb9-4af4-b5c4-ed42d067ef46,,2026-06-23T04:39:23.084Z,user,"hi, what's the acceptance rate this year?",/admissions
afd75d90-b756-403f-8658-639fa5282e18,2113ff05-deb9-4af4-b5c4-ed42d067ef46,,2026-06-23T04:40:16.348Z,assistant,"Our current acceptance rate is approximately 62%. We use a holistic admissions process that considers academics, extracurriculars, and personal qualities.",/admissions
5fa0aa14-0fad-4721-ba11-473284395524,2113ff05-deb9-4af4-b5c4-ed42d067ef46,,2026-06-23T04:42:53.713Z,user,"Nice, that's encouraging. What GPA do most accepted students have?",/admissions
b97c7184-8702-4503-b14a-8da6571f9ff8,2113ff05-deb9-4af4-b5c4-ed42d067ef46,,2026-06-23T04:44:41.936Z,assistant,"The middle 50% of our admitted students have a GPA between 3.4 and 3.9. However, we consider the full application context.",/admissions
13f83ebd-ff6a-4a98-9c8e-df98fb714625,2113ff05-deb9-4af4-b5c4-ed42d067ef46,,2026-06-23T04:47:41.132Z,user,"Awesome, thank you for the info!",/admissions
23415682-b8c4-4e54-842c-f294ccfc3e79,2113ff05-deb9-4af4-b5c4-ed42d067ef46,,2026-06-23T04:50:24.130Z,assistant,You're welcome! Good luck!,/admissions
1d9b4491-6555-426d-b1b3-61ec028afcf4,90dcda7d-cea3-42c6-9474-51aeadbaaf32,user_47091,2026-06-30T09:37:33.123Z,user,Does the library have study rooms I can reserve?,/library
edbd4a27-8ab9-446c-8487-b78ed7d2d80d,90dcda7d-cea3-42c6-9474-51aeadbaaf32,user_47091,2026-06-30T09:38:35.176Z,assistant,Yes! We have 20 group study rooms and 10 individual quiet rooms. You can reserve them online through the Library portal for up to 3 hours at a time.,/library
300cc1a7-bc2a-47dd-9e4b-a30b54ab3794,90dcda7d-cea3-42c6-9474-51aeadbaaf32,user_47091,2026-06-30T09:39:39.029Z,user,Can I reserve one for a group project meeting this Saturday?,/library
9942e6cf-2a19-45ea-b3ad-8b85cb6d8802,90dcda7d-cea3-42c6-9474-51aeadbaaf32,user_47091,2026-06-30T09:40:10.429Z,assistant,Absolutely! Saturday hours are 9am-8pm. Group rooms fit 4-8 people and include a whiteboard and display screen.,/library
b1723a8e-8459-46d4-baff-85b092b722c7,90dcda7d-cea3-42c6-9474-51aeadbaaf32,user_47091,2026-06-30T09:43:01.473Z,user,That's perfect for our presentation prep. Thanks!,/library
ab5fdc86-2fad-4b81-9b3f-c768175913e3,90dcda7d-cea3-42c6-9474-51aeadbaaf32,user_47091,2026-06-30T09:44:03.750Z,assistant,You're welcome! The reservation system is at library.university.edu/rooms.,/library
0ea45379-474d-469c-a071-f5f5e073a7a5,40f04351-5056-4d93-99b1-8925dd9fc903,,2026-06-30T18:21:17.827Z,user,"hello, hi, I'm interested in applying for the Fall semester. What are the requirements?",/admissions
0c980513-3427-4219-b83a-396110a68173,40f04351-5056-4d93-99b1-8925dd9fc903,,2026-06-30T18:22:15.591Z,assistant,"Great question! For Fall admission, you'll need to submit your high school transcripts, SAT/ACT scores, a personal essay, and two letters of recommendation. The deadline is March 15th.",/admissions
b2f7aaa3-f372-4cda-8d19-0875974225f4,40f04351-5056-4d93-99b1-8925dd9fc903,,2026-06-30T18:24:15.045Z,user,Do you accept the Common App?,/admissions
c3090b37-7a9b-4e1e-bd94-ca2f397ed78b,40f04351-5056-4d93-99b1-8925dd9fc903,,2026-06-30T18:26:10.160Z,assistant,"Yes, we accept both the Common Application and our own direct application portal. Both are equally considered.",/admissions
6e977c96-9e27-4b33-bef4-62b5ad3b6f53,40f04351-5056-4d93-99b1-8925dd9fc903,,2026-06-30T18:28:01.639Z,user,"That's really helpful, thanks! One more thing - is there an application fee?",/admissions
2989ee96-0ebe-4d27-ac31-6cc92b1f5e9b,40f04351-5056-4d93-99b1-8925dd9fc903,,2026-06-30T18:30:10.571Z,assistant,"The application fee is $50, but we offer fee waivers for students who qualify for free/reduced lunch programs. You can request one through the Common App.",/admissions
d9dc678f-8308-4b91-806e-14432f5f812e,40f04351-5056-4d93-99b1-8925dd9fc903,,2026-06-30T18:31:54.750Z,user,"Perfect, you've been super helpful. I'll start my application today!",/admissions
90c4e477-84fc-49e0-8bb1-788961714d46,40f04351-5056-4d93-99b1-8925dd9fc903,,2026-06-30T18:32:16.373Z,assistant,Wonderful! Best of luck with your application. Feel free to reach out if you have any other questions.,/admissions
a9bbf5fa-2dae-45be-947d-51db5ad2ebb1,a14abe5d-e240-4f94-b5c0-5e2501821f74,,2026-07-02T16:26:54.799Z,user,What meal plan options are available for freshmen?,/support
7bb404c1-fd86-405a-a478-4d2ed38a4278,a14abe5d-e240-4f94-b5c0-5e2501821f74,,2026-07-02T16:28:46.259Z,assistant,"Freshmen can choose from: Unlimited Plan ($2,400/semester), 14 meals/week ($2,100), or 10 meals/week ($1,800). All plans include $100 in dining dollars for campus cafes.",/support
529494dd-862e-42fd-ac9f-189b0fd54ce2,a14abe5d-e240-4f94-b5c0-5e2501821f74,,2026-07-02T16:30:37.374Z,user,Can I change my meal plan after the semester starts?,/support
e16a8389-6fde-46c5-a8cf-b75b41b2d17b,a14abe5d-e240-4f94-b5c0-5e2501821f74,,2026-07-02T16:31:22.895Z,assistant,You can change your meal plan within the first two weeks of the semester through the Dining Services portal at no charge.,/support
552a7390-8640-4463-ac84-d218cb4c0ec7,a14abe5d-e240-4f94-b5c0-5e2501821f74,,2026-07-02T16:32:17.344Z,user,Good to know. Are there options for students with dietary restrictions?,/support
bede6a27-7e1f-4889-b5ed-c29f782b5b91,a14abe5d-e240-4f94-b5c0-5e2501821f74,,2026-07-02T16:34:05.380Z,assistant,"Yes! All dining halls have vegetarian, vegan, gluten-free, halal, and kosher options daily. You can also meet with our campus dietitian for personalized recommendations.",/support
e3486363-883a-4d2a-ad63-eeeb04a4b035,a14abe5d-e240-4f94-b5c0-5e2501821f74,,2026-07-02T16:34:21.517Z,user,"That's really impressive, most schools don't offer all that. Thanks!",/support
01765c58-82d4-4e74-8237-2aee770ccfb0,a14abe5d-e240-4f94-b5c0-5e2501821f74,,2026-07-02T16:36:22.888Z,assistant,We pride ourselves on inclusive dining! Let me know if you need anything else.,/support
eb96e8e2-3cd0-49a2-a922-e65bfaa5abcb,5796fd50-190b-4df2-9e3b-cc17d657ae62,,2026-07-05T02:26:18.645Z,user,When does the Spring semester start?,/calendar
76ab7fd8-1447-4003-8134-0e52f671a613,5796fd50-190b-4df2-9e3b-cc17d657ae62,,2026-07-05T02:27:53.897Z,assistant,"The Spring semester begins January 13th, 2027. Move-in for residential students is January 11-12.",/calendar
a6d162a9-b641-4a55-9cf4-727d284119f1,5796fd50-190b-4df2-9e3b-cc17d657ae62,,2026-07-05T02:30:21.212Z,user,When is the last day to drop a class without a W?,/calendar
fe0f47e2-d4da-40ad-8c60-ebec360ecc21,5796fd50-190b-4df2-9e3b-cc17d657ae62,,2026-07-05T02:30:59.459Z,assistant,The last day to drop without a 'W' appearing on your transcript is January 27th (two weeks after classes begin).,/calendar
1ef32ccb-0883-491a-9102-bdb4db77b81d,5796fd50-190b-4df2-9e3b-cc17d657ae62,,2026-07-05T02:32:37.652Z,user,And the last day to withdraw with a W?,/calendar
9cf01a4d-1245-4523-85b3-20ff34f24b96,5796fd50-190b-4df2-9e3b-cc17d657ae62,,2026-07-05T02:33:33.419Z,assistant,"The withdrawal deadline is March 28th. After that date, you'll receive a WF (Withdrawal Failing) which impacts your GPA.",/calendar
a40c38f6-5cdd-42a3-8ae3-308e14685083,d7213b29-6899-4f0e-a90c-5011579e563f,,2026-07-05T09:44:08.592Z,user,I just submitted my application! How long until I hear back?,/apply
bc0b9dc7-2fd0-4177-9e5d-325ee9bd2fda,d7213b29-6899-4f0e-a90c-5011579e563f,,2026-07-05T09:45:58.474Z,assistant,Congratulations on submitting! You'll receive a confirmation email within 24 hours. Admission decisions are typically sent within 4-6 weeks.,/apply
33c31014-d9dc-4cca-8913-a470574f622a,d7213b29-6899-4f0e-a90c-5011579e563f,,2026-07-05T09:46:50.517Z,user,Is there anything else I need to do?,/apply
4c2e3f9f-7f91-4789-9e48-6cb8f4ec83ac,d7213b29-6899-4f0e-a90c-5011579e563f,,2026-07-05T09:47:41.637Z,assistant,"Make sure to: 1) Send official transcripts, 2) Submit SAT/ACT scores if not already sent, 3) Check your applicant portal regularly for any requested documents.",/apply
fcec61b2-b248-4191-8deb-28201894f8dd,d7213b29-6899-4f0e-a90c-5011579e563f,,2026-07-05T09:50:28.393Z,user,All done already! The application process was actually really smooth.,/apply
7c49d638-b9f1-4e2e-80c2-7cea43678975,d7213b29-6899-4f0e-a90c-5011579e563f,,2026-07-05T09:53:27.662Z,assistant,Wonderful! We're glad to hear that. We'll be in touch soon. Good luck!,/apply
7afe9371-7a62-4d52-bd17-138c372f81d8,7d7cb95b-be92-4487-ab3e-e4ecc88d3ad2,user_63552,2026-07-06T05:45:21.812Z,user,I got a scholarship from an outside organization. How do I report it?,/financial-aid
710ccfe8-6137-423b-9c81-7a84f9c07b8c,7d7cb95b-be92-4487-ab3e-e4ecc88d3ad2,user_63552,2026-07-06T05:45:56.628Z,assistant,Congratulations! You can report outside scholarships through the Financial Aid portal under 'Report Outside Aid'. This is required by federal regulations.,/financial-aid
6a998edf-2934-45e1-87c2-7dcf7ef9e2dd,7d7cb95b-be92-4487-ab3e-e4ecc88d3ad2,user_63552,2026-07-06T05:48:31.421Z,user,"Wait, will it reduce my institutional aid?",/financial-aid
76bf5313-753e-4fd7-a425-e1ee1ebdec53,7d7cb95b-be92-4487-ab3e-e4ecc88d3ad2,user_63552,2026-07-06T05:50:12.102Z,assistant,"Outside scholarships may reduce need-based institutional grants if your total aid exceeds your cost of attendance. However, loans are typically reduced first.",/financial-aid
a3d6e48d-a90a-402c-bfa1-5775f29c4090,7d7cb95b-be92-4487-ab3e-e4ecc88d3ad2,user_63552,2026-07-06T05:51:51.037Z,user,That seems unfair but I guess I get why. Thanks for explaining.,/financial-aid
5291c60d-54aa-4388-8017-654d0b18cbdc,7d7cb95b-be92-4487-ab3e-e4ecc88d3ad2,user_63552,2026-07-06T05:52:25.272Z,assistant,I understand the concern. Our counselors can walk you through exactly how it would affect your package if you'd like to schedule a meeting.,/financial-aid
03a99900-8a7d-4711-b5e6-2c99eb3c5e58,fe99b9f4-73b7-4741-a393-3c7b5e100aa1,user_24204,2026-07-08T11:17:32.271Z,user,The financial aid section of the portal shows completely different numbers than what my award letter says,/student-portal
f1f4f5ad-55fe-4e4f-8172-7ba2018e69b9,fe99b9f4-73b7-4741-a393-3c7b5e100aa1,user_24204,2026-07-08T11:20:22.002Z,assistant,I'm sorry for the confusion. The portal sometimes takes 1-2 business days to sync after award letters are sent. Are the numbers higher or lower?,/student-portal
31a39627-c50a-45d2-826b-0677cfb2eb97,fe99b9f4-73b7-4741-a393-3c7b5e100aa1,user_24204,2026-07-08T11:22:15.521Z,user,"Lower. My award letter says $8,000 in grants but the portal shows $5,500.",/student-portal
906dd0aa-9019-4428-8976-afacc12a3a1c,fe99b9f4-73b7-4741-a393-3c7b5e100aa1,user_24204,2026-07-08T11:23:39.719Z,assistant,"That discrepancy should be resolved once the portal updates. If it persists after 48 hours, please contact the Financial Aid office to reconcile the amounts.",/student-portal
5fe15683-5b31-4eaa-8caa-2d314fa61844,fe99b9f4-73b7-4741-a393-3c7b5e100aa1,user_24204,2026-07-08T11:24:08.300Z,user,So I should just trust the letter and ignore the portal? That doesn't inspire confidence.,/student-portal
f63eb69b-cdae-4660-a9a5-a6c28b378d17,fe99b9f4-73b7-4741-a393-3c7b5e100aa1,user_24204,2026-07-08T11:24:31.144Z,assistant,I understand your concern. The award letter is the official document. I recommend screenshotting both for your records and following up with Financial Aid if the discrepancy continues.,/student-portal
432050f3-a00b-4a3c-a79c-f58d9849b24b,17d237f2-b629-476d-93a6-fe4837f33a8d,,2026-07-10T17:41:24.771Z,user,I'm trying to register for CHEM 201 but it says I have a hold on my account,/courses
04211445-ca10-4d32-8f7d-296f5cfbd310,17d237f2-b629-476d-93a6-fe4837f33a8d,,2026-07-10T17:42:42.975Z,assistant,"Account holds can be due to unpaid balances, missing health records, or advising requirements. You can check the specific hold in your Student Portal under 'Account Holds'.",/courses
8fb51acc-3b7c-4c00-88ae-f487b9e43c42,17d237f2-b629-476d-93a6-fe4837f33a8d,,2026-07-10T17:43:11.528Z,user,It says 'Advising Hold'. But I already met with my advisor last week!,/courses
1230aacb-4dee-4cdc-b936-146f8512419f,17d237f2-b629-476d-93a6-fe4837f33a8d,,2026-07-10T17:43:31.859Z,assistant,Sometimes advisors need to manually clear the hold after your meeting. Please contact your academic advisor to confirm they released it.,/courses
e19b9a21-b258-4078-95e1-22fe58c55750,17d237f2-b629-476d-93a6-fe4837f33a8d,,2026-07-10T17:45:33.072Z,user,This is so annoying. Registration closes in 2 hours and my advisor isn't responding to emails.,/courses
fa72281e-f7ed-455a-b95c-d903717ffd19,17d237f2-b629-476d-93a6-fe4837f33a8d,,2026-07-10T17:47:21.788Z,assistant,I understand the urgency. You can also contact the Registrar's office directly at 555-0142. They can help with emergency hold removals during registration periods.,/courses
1e0bade4-f533-418a-98d3-6c0b60a09d8e,17d237f2-b629-476d-93a6-fe4837f33a8d,,2026-07-10T17:49:07.864Z,user,Fine I'll call them. This whole registration system is a nightmare.,/courses
06674705-3a88-493f-9752-1abdc2b7fe36,17d237f2-b629-476d-93a6-fe4837f33a8d,,2026-07-10T17:50:14.837Z,assistant,I'm sorry for the frustration. I've noted this feedback about the hold removal process.,/courses
0c15f625-5626-409c-922a-0e87ea051d91,08457023-cc91-4248-985e-eb8190df7c31,user_73893,2026-07-11T02:00:51.244Z,user,Your chatbot gave me wrong information last week and I missed a deadline because of it,/support
d654799f-b9eb-410e-a4d9-0e915846499d,08457023-cc91-4248-985e-eb8190df7c31,user_73893,2026-07-11T02:01:47.347Z,assistant,I'm very sorry to hear that. Could you share what information was provided and which deadline was affected?,/support
84b53380-e480-4851-85a9-bc2032622d9a,08457023-cc91-4248-985e-eb8190df7c31,user_73893,2026-07-11T02:03:13.322Z,user,It told me the add/drop deadline was February 7th but it was actually January 31st. I missed dropping a class and now I'm stuck with it.,/support
52506ae9-ebfb-44af-9d06-b26b9ed3b8a4,08457023-cc91-4248-985e-eb8190df7c31,user_73893,2026-07-11T02:04:31.638Z,assistant,I sincerely apologize for that error. Please contact the Registrar's office and explain the situation. They may be able to process a late drop with documentation of the incorrect information you received.,/support
b57d5210-8b3b-497f-be92-b5d4079532f3,08457023-cc91-4248-985e-eb8190df7c31,user_73893,2026-07-11T02:05:06.957Z,user,I'll try but I doubt they'll care. This AI should not be giving out wrong dates.,/support
44361768-c513-49d8-928d-7968760ffbdb,08457023-cc91-4248-985e-eb8190df7c31,user_73893,2026-07-11T02:07:37.960Z,assistant,"You're absolutely right, and I'm very sorry. I recommend requesting a meeting with the Registrar's office directly. Reference ticket #INC-2947 for this conversation.",/support
d57c0e41-73be-4dd1-ac7a-5a6bb3340631,548c3157-8b6d-4213-9498-11266cc4adaa,user_67965,2026-07-12T10:30:07.509Z,user,The health portal won't accept my uploaded immunization records. It keeps saying 'invalid format'.,/support
c18847bc-2d99-48cc-9550-84b1ce9baec2,548c3157-8b6d-4213-9498-11266cc4adaa,user_67965,2026-07-12T10:32:28.758Z,assistant,"The portal accepts PDF, JPG, and PNG files under 5MB. Could you check the format and size of your file?",/support
22048ae9-66d0-4cde-88ce-73d16ddcde52,548c3157-8b6d-4213-9498-11266cc4adaa,user_67965,2026-07-12T10:35:05.561Z,user,It's a PDF and only 200KB. Still getting the error.,/support
3aaa41b9-3b9a-4c98-aaab-db9a91622e71,548c3157-8b6d-4213-9498-11266cc4adaa,user_67965,2026-07-12T10:37:39.940Z,assistant,"I apologize for the technical issue. As a workaround, you can email your records directly to health@university.edu or fax to 555-0199.",/support
a6693482-747b-4e81-b41a-7ae5cba26d5b,548c3157-8b6d-4213-9498-11266cc4adaa,user_67965,2026-07-12T10:39:06.456Z,user,Why have an upload portal if it doesn't work?,/support
38f501fa-f1cb-4ab0-b0b9-499a15189990,548c3157-8b6d-4213-9498-11266cc4adaa,user_67965,2026-07-12T10:41:58.664Z,assistant,"That's fair feedback. I'll report this bug to our IT team. In the meantime, the email option should process within 1-2 business days.",/support
8263ce38-f8a7-4fb0-a8ab-2ea0d09c3af6,dc234294-af3f-4918-b879-2fc016eed0d6,user_63435,2026-07-16T08:09:04.975Z,user,I'm transferring from community college. How many credits will transfer?,/transfer
d3ed87d1-8bc5-4abe-9ad8-9b86e5d863c9,dc234294-af3f-4918-b879-2fc016eed0d6,user_63435,2026-07-16T08:10:33.211Z,assistant,We accept up to 64 transfer credits from accredited institutions. You can use our Transfer Credit Evaluator tool to check specific courses.,/transfer
208dae95-671e-4e05-9c03-e0049c93b79c,dc234294-af3f-4918-b879-2fc016eed0d6,user_63435,2026-07-16T08:12:04.964Z,user,I have 72 credits. So 8 of them just disappear?,/transfer
19a86b20-08b8-4111-9939-b24b12dece39,dc234294-af3f-4918-b879-2fc016eed0d6,user_63435,2026-07-16T08:12:49.436Z,assistant,The 64-credit cap applies to lower-division credits. Some of your courses may count as upper-division equivalents. An advisor can evaluate your specific transcript.,/transfer
023ab759-6c10-4d6a-a065-bfc64f4018b1,dc234294-af3f-4918-b879-2fc016eed0d6,user_63435,2026-07-16T08:13:31.905Z,user,Can I send my transcript now to get an evaluation before I commit?,/transfer
5840a7e0-b185-4317-995c-69606cc0cf2a,dc234294-af3f-4918-b879-2fc016eed0d6,user_63435,2026-07-16T08:14:29.564Z,assistant,"Yes! Submit unofficial transcripts through the Transfer Student portal for a preliminary evaluation, usually completed within 5 business days.",/transfer
aca641b3-c3a6-4364-acf7-9b96e3a0a940,dc234294-af3f-4918-b879-2fc016eed0d6,user_63435,2026-07-16T08:17:23.248Z,user,Ok that's fair. I'll submit them today.,/transfer
99329698-9090-4ef0-8ee3-d0c5966f6077,dc234294-af3f-4918-b879-2fc016eed0d6,user_63435,2026-07-16T08:19:51.799Z,assistant,Great! You'll receive the evaluation via email. Feel free to reach out with any follow-up questions.,/transfer
33566519-794f-41d2-9263-a81c9596eb18,41d4ea1f-81cb-40ba-91cd-b12ab503c45e,user_21731,2026-07-19T06:24:38.770Z,user,I've been trying to reach the registrar's office for 3 days. Nobody answers the phone.,/contact
2e9f7ef9-7b68-4d1c-bba8-0b3e80e1a031,41d4ea1f-81cb-40ba-91cd-b12ab503c45e,user_21731,2026-07-19T06:26:34.065Z,assistant,I'm sorry about that. The Registrar's office is experiencing high call volumes. You can submit a request through the online ticketing system at registrar.university.edu/help.,/contact
7d6c59c5-edc5-4291-ab10-f2de86af88b9,41d4ea1f-81cb-40ba-91cd-b12ab503c45e,user_21731,2026-07-19T06:26:58.611Z,user,I need my enrollment verification letter for my employer ASAP. I can't wait for a ticket.,/contact
04407508-22c0-46f3-ad20-5fca501c5958,41d4ea1f-81cb-40ba-91cd-b12ab503c45e,user_21731,2026-07-19T06:29:19.440Z,assistant,Enrollment verification letters can actually be requested instantly through the National Student Clearinghouse at studentclearinghouse.org. It's the fastest option.,/contact
705dab16-ecf8-4116-9492-6c07de8d07be,41d4ea1f-81cb-40ba-91cd-b12ab503c45e,user_21731,2026-07-19T06:31:06.590Z,user,Oh I didn't know that. Why doesn't the website mention this?,/contact
caab4ff6-8c36-4cd3-ad52-1b54bb5278f4,41d4ea1f-81cb-40ba-91cd-b12ab503c45e,user_21731,2026-07-19T06:32:55.952Z,assistant,That's a great point. I'll suggest adding this information to our Registrar FAQ page. Thank you for the feedback.,/contact
27344589-a639-411e-b7a9-cbfadfac4f91,473050fd-b0b8-49e6-ad27-da92361d4598,user_69454,2026-07-21T00:33:29.319Z,user,Every section of ENG 101 is full. I NEED this class to graduate on time.,/courses
85f06b3a-3c6c-4743-98fe-6ce1374d9832,473050fd-b0b8-49e6-ad27-da92361d4598,user_69454,2026-07-21T00:34:02.122Z,assistant,"I understand the urgency. You can: 1) Join the waitlist for your preferred section, 2) Check for newly added sections during the first week, or 3) Contact the English department about a capacity override.",/courses
e8c90fc3-56b0-4812-8bda-a53f2dc3412e,473050fd-b0b8-49e6-ad27-da92361d4598,user_69454,2026-07-21T00:35:04.843Z,user,There's no waitlist option showing up for me.,/courses
248bf938-fbe5-4aa9-96cb-0fc71798ec1e,473050fd-b0b8-49e6-ad27-da92361d4598,user_69454,2026-07-21T00:36:31.648Z,assistant,"The waitlist feature is only available during the registration period. If the period has closed, you'll need to contact the English department directly for an override.",/courses
4e7dc453-ee5b-4e9d-857e-da0ec4ce0bfd,473050fd-b0b8-49e6-ad27-da92361d4598,user_69454,2026-07-21T00:37:32.517Z,user,What's their contact info? I can't find a directory anywhere on this site.,/courses
6885a1c9-6384-4ea3-ac07-25c31300d13e,473050fd-b0b8-49e6-ad27-da92361d4598,user_69454,2026-07-21T00:38:48.565Z,assistant,"The English department can be reached at english@university.edu or 555-0167. Office hours are Monday-Friday, 9am-4pm in Humanities Building, Room 305.",/courses
d426141c-e593-4997-b586-e5a8e9d8e462,42eba015-f13c-4b00-835e-79e04d3c5520,user_81010,2026-07-22T19:03:17.474Z,user,I submitted my housing deposit 3 weeks ago and haven't received room selection access yet.,/housing
adb6a2ac-465e-4a25-b8b5-48d0ab782091,42eba015-f13c-4b00-835e-79e04d3c5520,user_81010,2026-07-22T19:04:33.741Z,assistant,Room selection access is granted in waves based on deposit date. The next wave opens on May 20th.,/housing
0b1fa2de-4dbd-4858-9c64-74fe5fbae128,42eba015-f13c-4b00-835e-79e04d3c5520,user_81010,2026-07-22T19:05:16.858Z,user,May 20th?! All the good rooms will be gone by then. I deposited on April 28th!,/housing
63a7fb7b-646a-4303-9f57-4fcfad90f505,42eba015-f13c-4b00-835e-79e04d3c5520,user_81010,2026-07-22T19:07:45.408Z,assistant,I understand your concern. The first wave on May 15th is for deposits received before April 15th. Your April 28th deposit puts you in the second wave.,/housing
4c2fed44-6d19-4f1e-a073-dd74a8fd17d2,42eba015-f13c-4b00-835e-79e04d3c5520,user_81010,2026-07-22T19:09:49.148Z,user,Nobody mentioned this timeline when I deposited. This whole process is poorly communicated.,/housing
368116c3-ce09-4fb6-b4c8-681837ddcf82,42eba015-f13c-4b00-835e-79e04d3c5520,user_81010,2026-07-22T19:10:45.952Z,assistant,I'm sorry for the lack of clarity. I'll pass your feedback to the housing team. You'll still have a good selection of suite-style and apartment rooms available in the second wave.,/housing
1e1300cf-6f69-4231-901f-5ef129295d20,8a5117a5-7f3f-433e-8de1-cc805a2e5aae,user_77406,2026-07-22T21:23:50.028Z,user,"Can someone explain why the tuition page shows $12,500 but my bill says $14,200?",/tuition
05733279-2703-4032-85ea-65b62d218d05,8a5117a5-7f3f-433e-8de1-cc805a2e5aae,user_77406,2026-07-22T21:25:19.728Z,assistant,"The $12,500 figure is base tuition only. Your bill may include additional fees such as the technology fee ($350), student activity fee ($200), and lab fees.",/tuition
2130e304-3a0b-4713-83a0-3d8bf7681779,8a5117a5-7f3f-433e-8de1-cc805a2e5aae,user_77406,2026-07-22T21:25:41.473Z,user,Why aren't those listed on the main tuition page? That's super misleading.,/tuition
5b8a118c-eb44-4903-8775-a01a06486f06,8a5117a5-7f3f-433e-8de1-cc805a2e5aae,user_77406,2026-07-22T21:26:30.218Z,assistant,I apologize for the confusion. The detailed fee breakdown is available on the Bursar's page. I understand this should be more transparent.,/tuition
3cb2afb3-c20b-4a0a-be98-989fe726f185,8a5117a5-7f3f-433e-8de1-cc805a2e5aae,user_77406,2026-07-22T21:28:34.272Z,user,Yeah that's pretty deceptive honestly. Parents are making decisions based on that tuition page number.,/tuition
d3804533-d142-4337-90d0-66115ce9c384,8a5117a5-7f3f-433e-8de1-cc805a2e5aae,user_77406,2026-07-22T21:28:58.410Z,assistant,"Your feedback is noted and I'll pass it along to our web team. In the meantime, you can view the complete cost of attendance at the Financial Aid calculator page.",/tuition
25756448-2c76-42a6-9e3e-396bd65fd07b,75ed8d88-98f1-4080-af70-bc2c328ff7d9,,2026-07-25T18:17:42.792Z,user,The online application form keeps timing out and losing my progress. I've tried 4 times now.,/apply
c5a6339f-cd57-4f9b-aff2-9877be647920,75ed8d88-98f1-4080-af70-bc2c328ff7d9,,2026-07-25T18:19:54.980Z,assistant,"I'm very sorry about that technical issue. Are you using the latest version of Chrome, Firefox, or Edge?",/apply
70122ea6-0ee8-4e89-808c-daae4dfe930e,75ed8d88-98f1-4080-af70-bc2c328ff7d9,,2026-07-25T18:22:01.588Z,user,I'm using Safari on my Mac.,/apply
42dd65c1-a6f4-449f-b82a-1193d00645fd,75ed8d88-98f1-4080-af70-bc2c328ff7d9,,2026-07-25T18:22:38.542Z,assistant,"Safari can sometimes cause issues with our application portal. We recommend using Chrome for the best experience. Also, the application auto-saves every 2 minutes.",/apply
61f0cfc5-5e8f-493a-bd50-c018982f7fbf,75ed8d88-98f1-4080-af70-bc2c328ff7d9,,2026-07-25T18:24:35.755Z,user,It clearly isn't auto-saving because all my essay responses are gone every time.,/apply
39b8da3d-c613-4ec0-bd17-97a9fed477c1,75ed8d88-98f1-4080-af70-bc2c328ff7d9,,2026-07-25T18:27:09.545Z,assistant,"I apologize for the frustration. I recommend writing your essays in a separate document first, then pasting them in. I'll also report this Safari compatibility issue to our tech team.",/apply
f745ae79-db6e-4aa5-9d1b-bc71a3c329b4,75ed8d88-98f1-4080-af70-bc2c328ff7d9,,2026-07-25T18:28:07.427Z,user,I shouldn't have to use workarounds for a university application form. This is 2026.,/apply
fce67c0c-6136-43b2-855f-dafa83d600e2,75ed8d88-98f1-4080-af70-bc2c328ff7d9,,2026-07-25T18:29:31.511Z,assistant,You're absolutely right. This should work seamlessly on all browsers. I've submitted a high-priority ticket to our development team.,/apply
0da006d3-c789-4bae-84b1-4d930a65919b,d564a9aa-1022-46ae-b0e7-0ad980463be3,user_53765,2026-07-29T04:31:38.188Z,user,My financial aid package was way less than expected. Who can I talk to about this?,/financial-aid
2d6c901a-3d59-4a1b-8d5c-b9f2d19788e8,d564a9aa-1022-46ae-b0e7-0ad980463be3,user_53765,2026-07-29T04:32:22.563Z,assistant,"I'm sorry to hear that. You can submit a Financial Aid Appeal through the Student Portal, or schedule a meeting with a financial aid counselor.",/financial-aid
f931949c-9585-4746-a507-0247a7cff9d2,d564a9aa-1022-46ae-b0e7-0ad980463be3,user_53765,2026-07-29T04:35:03.969Z,user,I already tried calling the office 3 times and nobody picks up.,/financial-aid
201f81cf-3013-40d3-b2a5-61129397b594,d564a9aa-1022-46ae-b0e7-0ad980463be3,user_53765,2026-07-29T04:36:51.646Z,assistant,I apologize for the difficulty reaching our office. Wait times have been longer during peak season. You can also email finaid@university.edu for a response within 2 business days.,/financial-aid
422d8cd4-500c-4c33-bd0b-38b85a44b7de,d564a9aa-1022-46ae-b0e7-0ad980463be3,user_53765,2026-07-29T04:39:34.302Z,user,2 business days when my deposit is due tomorrow? That's not helpful.,/financial-aid
fa8d749b-71ea-4ee0-b511-edadde47f8de,d564a9aa-1022-46ae-b0e7-0ad980463be3,user_53765,2026-07-29T04:42:20.381Z,assistant,I understand the urgency. Let me connect you with the emergency aid line. You can also request a deposit deadline extension through the Admissions portal.,/financial-aid
ce774f33-2679-4632-a7f7-d79c4d052757,8ae5187e-ab2b-40c1-acfa-a366812537f8,user_97397,2026-07-30T22:16:03.082Z,user,I clicked on the housing application link in my acceptance email and it goes to a 404 page,/support
34264d1a-cf35-4174-aab5-167ce54cf4ba,8ae5187e-ab2b-40c1-acfa-a366812537f8,user_97397,2026-07-30T22:16:28.667Z,assistant,I apologize for the broken link. The housing portal recently moved. The correct URL is university.edu/housing/apply.,/support
3c1386e9-6c2a-427a-9305-b942652abb03,8ae5187e-ab2b-40c1-acfa-a366812537f8,user_97397,2026-07-30T22:17:02.175Z,user,How long has this been broken? I bet other students are having the same issue.,/support
84981ded-49d7-4a41-b72b-375fbce00dcd,8ae5187e-ab2b-40c1-acfa-a366812537f8,user_97397,2026-07-30T22:19:31.835Z,assistant,Thank you for reporting this. I'll escalate it to our web team immediately to get the link updated in the acceptance email template.,/support
78bffd0a-9aac-41c0-86a7-5f1cbe795c1e,8ae5187e-ab2b-40c1-acfa-a366812537f8,user_97397,2026-07-30T22:21:32.052Z,user,ok. The new link works at least. When is the housing deposit deadline?,/support
7ae78c57-e574-440d-8ffe-9afb278cb771,8ae5187e-ab2b-40c1-acfa-a366812537f8,user_97397,2026-07-30T22:22:31.008Z,assistant,The housing deposit of $200 is due by May 1st. Room selection begins May 15th based on deposit date.,/support
6065e484-a82b-407c-9b25-d2397e3c42da,e61bd54a-30dd-4dc1-a074-3b198aa270a1,,2026-07-30T23:14:33.052Z,user,"excuse me, i applied 6 weeks ago and still haven't heard anything. This is ridiculous.",/admissions
e94a644c-f45c-46f5-ae9f-8237513688f1,e61bd54a-30dd-4dc1-a074-3b198aa270a1,,2026-07-30T23:16:33.048Z,assistant,I understand your frustration. Typical processing time is 4-6 weeks. Let me look into your application status. Could you share your application ID?,/admissions
e126474b-6688-48f6-b5f9-6f27bd8358c6,e61bd54a-30dd-4dc1-a074-3b198aa270a1,,2026-07-30T23:17:11.382Z,user,It's APP-29381. I've been checking the portal every day and it still says 'Under Review'.,/admissions
ce2f6de5-7a7d-45f6-be65-9d4658bad2b1,e61bd54a-30dd-4dc1-a074-3b198aa270a1,,2026-07-30T23:18:11.519Z,assistant,I see your application. It appears we're still waiting for your official SAT scores to arrive from College Board.,/admissions
7e0d0571-894c-42ad-9555-5ac09e7b53ae,e61bd54a-30dd-4dc1-a074-3b198aa270a1,,2026-07-30T23:19:08.924Z,user,I sent those weeks ago! This is really frustrating. I've been accepted to two other schools already.,/admissions
e078cc36-a007-40ec-8122-108a46d3eb07,e61bd54a-30dd-4dc1-a074-3b198aa270a1,,2026-07-30T23:21:11.236Z,assistant,I completely understand. Sometimes electronic scores take 3-5 business days. I'll flag your application for priority review once the scores arrive.,/admissions
d9712c41-9a4e-4ea7-80cd-3b887c961d04,e61bd54a-30dd-4dc1-a074-3b198aa270a1,,2026-07-30T23:23:00.491Z,user,Fine. But if I don't hear back by next week I'm withdrawing my application.,/admissions
6d617501-f934-4a12-9068-8768d53846b2,e61bd54a-30dd-4dc1-a074-3b198aa270a1,,2026-07-30T23:25:20.676Z,assistant,I've escalated this to our admissions team. You should receive an update within 3 business days.,/admissions
bf3056fc-052d-4f12-9c37-eda33dbee088,61079210-098b-4676-b70e-b173c99e4aa2,user_89637,2026-07-31T05:04:18.556Z,user,I was told all my credits would transfer during the campus visit but now admissions says only 45 out of 60 will count,/transfer
9874f624-bfe9-4800-922e-588b7266cd8a,61079210-098b-4676-b70e-b173c99e4aa2,user_89637,2026-07-31T05:06:31.841Z,assistant,"I'm sorry to hear about this discrepancy. The campus visit advisors provide general guidance, while official transfer evaluations are done by the Registrar after reviewing your transcripts.",/transfer
dd178444-cf64-431a-ba74-58a44faa14eb,61079210-098b-4676-b70e-b173c99e4aa2,user_89637,2026-07-31T05:08:06.841Z,user,That's misleading. I chose this school partly because they said all my credits would transfer.,/transfer
66e29048-e14c-4577-b16e-cfa0290f1712,61079210-098b-4676-b70e-b173c99e4aa2,user_89637,2026-07-31T05:08:37.130Z,assistant,I completely understand your frustration. You can appeal individual credit transfer decisions by providing course syllabi to the relevant department chairs.,/transfer
c3431652-b4d3-4245-992c-758f6ff151f4,61079210-098b-4676-b70e-b173c99e4aa2,user_89637,2026-07-31T05:08:59.323Z,user,How long does the appeal take?,/transfer
bea8ece4-dbc6-4e2a-9144-30da55dc2957,61079210-098b-4676-b70e-b173c99e4aa2,user_89637,2026-07-31T05:11:07.190Z,assistant,Appeals are typically reviewed within 2-3 weeks. I recommend submitting them as soon as possible before the semester starts.,/transfer
249791c1-ce16-46d0-ac42-a93d027de9c8,d4f07a11-a433-49a3-b6b9-8dfc3f504f51,,2026-07-31T06:40:07.444Z,user,"can someone explain why the tuition page shows $12,500 but my bill says $14,200?",/tuition
b03ae19d-7be8-4873-bd1f-f715455b565b,d4f07a11-a433-49a3-b6b9-8dfc3f504f51,,2026-07-31T06:40:31.777Z,assistant,"The $12,500 figure is base tuition only. Your bill may include additional fees such as the technology fee ($350), student activity fee ($200), and lab fees.",/tuition
1d17ece6-7525-4766-a11d-4c87e33df202,d4f07a11-a433-49a3-b6b9-8dfc3f504f51,,2026-07-31T06:41:40.272Z,user,Why aren't those listed on the main tuition page? That's super misleading.,/tuition
8238abd5-f9ce-4f68-8ba2-57b644a4ee32,d4f07a11-a433-49a3-b6b9-8dfc3f504f51,,2026-07-31T06:42:24.376Z,assistant,I apologize for the confusion. The detailed fee breakdown is available on the Bursar's page. I understand this should be more transparent.,/tuition
f0db09f2-888d-4fa5-acb5-858ab070de7c,d4f07a11-a433-49a3-b6b9-8dfc3f504f51,,2026-07-31T06:44:56.642Z,user,Yeah that's pretty deceptive honestly. Parents are making decisions based on that tuition page number.,/tuition
292f1bc6-a49e-4456-8203-58ba8b160f1d,d4f07a11-a433-49a3-b6b9-8dfc3f504f51,,2026-07-31T06:46:43.495Z,assistant,"Your feedback is noted and I'll pass it along to our web team. In the meantime, you can view the complete cost of attendance at the Financial Aid calculator page.",/tuition
5398058d-a360-4cc4-8532-46ff2b753c97,cc284df2-4a2d-419e-b9c6-c4fb315c1282,,2026-08-02T13:49:28.637Z,user,what's the difference between in-state and out-of-state tuition?,/tuition
96898427-f500-48e7-8f14-ce95ccdcca16,cc284df2-4a2d-419e-b9c6-c4fb315c1282,,2026-08-02T13:50:12.711Z,assistant,"In-state tuition is $12,500 per year, while out-of-state is $24,000. You may qualify for in-state rates after living in the state for 12 months.",/tuition
3acdab5c-a79a-4aca-95e8-faa155f7b870,cc284df2-4a2d-419e-b9c6-c4fb315c1282,,2026-08-02T13:50:30.186Z,user,that's a huge difference. is there any way to get in-state sooner?,/tuition
138fe9d3-bded-41ca-ad9d-51652e344b21,cc284df2-4a2d-419e-b9c6-c4fb315c1282,,2026-08-02T13:53:10.621Z,assistant,Students who work at least 20 hours per week in-state can apply for early residency reclassification after 6 months.,/tuition
af267515-b997-4e8b-b690-c92af9297404,cc284df2-4a2d-419e-b9c6-c4fb315c1282,,2026-08-02T13:55:53.752Z,user,"ok thats useful info at least, thanks",/tuition
35f37357-0daf-438f-893a-1668d4cc011d,cc284df2-4a2d-419e-b9c6-c4fb315c1282,,2026-08-02T13:56:44.921Z,assistant,You're welcome! Visit the Registrar's office for residency reclassification forms.,/tuition
