session_id,sentiment,page_url,message_count,started_at
08b463f8-841d-4e73-b351-c8db182d7773,positive,/admissions,8,2026-05-09T01:44:08.103Z
6c97cc43-a363-4919-9286-6e014bd80c62,positive,/admissions,6,2026-06-10T20:08:31.878Z
6ce5d48c-6b90-4adb-b93a-78bf31bb657c,negative,/admissions,8,2026-05-27T05:06:21.767Z
8a5117a5-7f3f-433e-8de1-cc805a2e5aae,negative,/tuition,6,2026-07-22T21:23:50.028Z
96daaf60-7e93-4e83-bc40-056024d15f1c,negative,/pricing,6,2026-05-14T00:10:18.196Z
cc284df2-4a2d-419e-b9c6-c4fb315c1282,mixed,/tuition,6,2026-08-02T13:49:28.637Z
d1ecc11b-7b16-4de2-80b6-e0fed8ff4914,positive,/financial-aid,8,2026-05-15T03:40:59.319Z
d564a9aa-1022-46ae-b0e7-0ad980463be3,negative,/financial-aid,6,2026-07-29T04:31:38.188Z
7d7cb95b-be92-4487-ab3e-e4ecc88d3ad2,mixed,/financial-aid,6,2026-07-06T05:45:21.812Z
17d237f2-b629-476d-93a6-fe4837f33a8d,negative,/courses,8,2026-07-10T17:41:24.771Z
2ba0bd36-70e9-4668-b61f-c5549693a74a,positive,/courses,8,2026-06-05T17:51:24.471Z
45aa10f0-fadf-4b87-a386-6f747ca3ce08,neutral,/courses,6,2026-06-08T11:51:52.136Z
b8b9c395-ae72-48a2-9f87-de2d4734e9bf,negative,/student-portal,8,2026-06-08T23:14:17.604Z
38336901-0408-49bc-83af-a468f547edf8,negative,/support,6,2026-05-28T14:59:25.320Z
8ae5187e-ab2b-40c1-acfa-a366812537f8,negative,/support,6,2026-07-30T22:16:03.082Z
fe99b9f4-73b7-4741-a393-3c7b5e100aa1,negative,/student-portal,6,2026-07-08T11:17:32.271Z
7d845414-8646-4487-a3c1-d1b04322cf18,positive,/housing,8,2026-05-25T07:35:38.827Z
42eba015-f13c-4b00-835e-79e04d3c5520,negative,/housing,6,2026-07-22T19:03:17.474Z
dc234294-af3f-4918-b879-2fc016eed0d6,mixed,/transfer,8,2026-07-16T08:09:04.975Z
61079210-098b-4676-b70e-b173c99e4aa2,negative,/transfer,6,2026-07-31T05:04:18.556Z
90dcda7d-cea3-42c6-9474-51aeadbaaf32,positive,/library,6,2026-06-30T09:37:33.123Z
fc752c04-9aee-4503-86fd-d7d303250562,positive,/career-services,8,2026-06-06T18:43:20.194Z
69431019-3795-489d-8efc-23360e8b5deb,positive,/international,8,2026-06-18T00:02:55.553Z
9a7cfb8d-e60f-4a3e-986c-6f25b8908fbc,negative,/international,6,2026-06-07T03:36:40.541Z
5796fd50-190b-4df2-9e3b-cc17d657ae62,neutral,/calendar,6,2026-07-05T02:26:18.645Z
41d4ea1f-81cb-40ba-91cd-b12ab503c45e,negative,/contact,6,2026-07-19T06:24:38.770Z
5a1ca852-00c3-4290-8904-e7ccc4b34510,mixed,/contact,6,2026-06-14T02:57:18.466Z
d87f9a63-c22b-47d0-87f6-f21990ac9f64,mixed,/student-portal,6,2026-06-11T12:44:04.107Z
86a38605-0efe-446f-b201-4d945bd06b37,positive,/support,8,2026-05-09T23:34:42.786Z
75ed8d88-98f1-4080-af70-bc2c328ff7d9,negative,/apply,8,2026-07-25T18:17:42.792Z
d7213b29-6899-4f0e-a90c-5011579e563f,positive,/apply,6,2026-07-05T09:44:08.592Z
9b7f83b0-f355-4e70-b48a-8a52ba7fbc8a,neutral,/financial-aid,6,2026-05-18T23:35:44.061Z
473050fd-b0b8-49e6-ad27-da92361d4598,negative,/courses,6,2026-07-21T00:33:29.319Z
6ac1c45f-87b3-430d-bb76-111fbd88188a,neutral,/admissions,4,2026-06-08T16:53:19.865Z
56e5f223-9598-4f13-84bd-4d80c194466e,mixed,/housing,6,2026-06-07T14:11:40.055Z
08457023-cc91-4248-985e-eb8190df7c31,negative,/support,6,2026-07-11T02:00:51.244Z
2c541e95-841a-4b81-99fb-b8a631013cfb,negative,/tuition,6,2026-06-06T10:10:11.971Z
79924af2-70b9-41f2-87d8-5a7ec91879b6,positive,/admissions,8,2026-05-14T01:29:07.391Z
d943700c-5297-4b4e-83a7-1b67d86fd867,mixed,/support,6,2026-05-13T05:30:33.439Z
a14abe5d-e240-4f94-b5c0-5e2501821f74,positive,/support,8,2026-07-02T16:26:54.799Z
3f75b69a-247e-408e-8393-160d1294017d,neutral,/support,6,2026-05-09T02:01:21.944Z
548c3157-8b6d-4213-9498-11266cc4adaa,negative,/support,6,2026-07-12T10:30:07.509Z
f3dd5ee9-61e6-4e4f-bc1c-2ead3f2a3c94,positive,/support,6,2026-06-06T15:55:07.818Z
40f04351-5056-4d93-99b1-8925dd9fc903,positive,/admissions,8,2026-06-30T18:21:17.827Z
2113ff05-deb9-4af4-b5c4-ed42d067ef46,positive,/admissions,6,2026-06-23T04:39:23.084Z
e61bd54a-30dd-4dc1-a074-3b198aa270a1,negative,/admissions,8,2026-07-30T23:14:33.052Z
d4f07a11-a433-49a3-b6b9-8dfc3f504f51,negative,/tuition,6,2026-07-31T06:40:07.444Z
bb5ae8ae-3518-4e8b-a2e3-aed267d4e2b1,negative,/pricing,6,2026-05-16T01:45:58.735Z
be32cbad-e78c-4f46-a469-524f3c68525e,mixed,/tuition,6,2026-06-02T15:59:53.997Z
285a0026-4ebd-4e43-bc4f-be3bce5bb101,positive,/financial-aid,8,2026-05-19T04:52:29.952Z
